-- ======================================================
-- TB_DEPT 샘플 데이터
-- ======================================================
INSERT INTO TB_DEPT(DNAME, LOC, INSERT_TIME, UPDATE_TIME) VALUES ('ACCOUNTING', 'NEW YORK', SYSTIMESTAMP, SYSTIMESTAMP);
INSERT INTO TB_DEPT(DNAME, LOC, INSERT_TIME, UPDATE_TIME) VALUES ('RESEARCH', 'DALLAS', SYSTIMESTAMP, SYSTIMESTAMP);
INSERT INTO TB_DEPT(DNAME, LOC, INSERT_TIME, UPDATE_TIME) VALUES ('SALES', 'CHICAGO', SYSTIMESTAMP, SYSTIMESTAMP);
INSERT INTO TB_DEPT(DNAME, LOC, INSERT_TIME, UPDATE_TIME) VALUES ('OPERATIONS', 'BOSTON', SYSTIMESTAMP, SYSTIMESTAMP);

-- ======================================================
-- TB_EMP 샘플 데이터
-- ======================================================
INSERT INTO TB_EMP(ENO,ENAME, JOB, MANAGER, HIREDATE, SALARY, COMMISSION, DNO, INSERT_TIME, UPDATE_TIME) VALUES (7369,'SMITH', 'CLERK', 7902, TO_TIMESTAMP('17-12-1980','DD-MM-YYYY'), 800, NULL, 10, SYSTIMESTAMP, SYSTIMESTAMP);
INSERT INTO TB_EMP(ENO,ENAME, JOB, MANAGER, HIREDATE, SALARY, COMMISSION, DNO, INSERT_TIME, UPDATE_TIME) VALUES (7499,'ALLEN', 'SALESMAN', 7698, TO_TIMESTAMP('20-2-1981','DD-MM-YYYY'), 1600, 300, 30, SYSTIMESTAMP, SYSTIMESTAMP);
INSERT INTO TB_EMP(ENO,ENAME, JOB, MANAGER, HIREDATE, SALARY, COMMISSION, DNO, INSERT_TIME, UPDATE_TIME) VALUES (7521,'WARD', 'SALESMAN', 7698, TO_TIMESTAMP('22-2-1981','DD-MM-YYYY'), 1250, 500, 30, SYSTIMESTAMP, SYSTIMESTAMP);
INSERT INTO TB_EMP(ENO,ENAME, JOB, MANAGER, HIREDATE, SALARY, COMMISSION, DNO, INSERT_TIME, UPDATE_TIME) VALUES (7566,'JONES', 'MANAGER', 7839, TO_TIMESTAMP('2-4-1981','DD-MM-YYYY'), 2975, NULL, 20, SYSTIMESTAMP, SYSTIMESTAMP);
INSERT INTO TB_EMP(ENO,ENAME, JOB, MANAGER, HIREDATE, SALARY, COMMISSION, DNO, INSERT_TIME, UPDATE_TIME) VALUES (7654,'MARTIN', 'SALESMAN', 7698, TO_TIMESTAMP('28-9-1981','DD-MM-YYYY'), 1250, 1400, 30, SYSTIMESTAMP, SYSTIMESTAMP);
INSERT INTO TB_EMP(ENO,ENAME, JOB, MANAGER, HIREDATE, SALARY, COMMISSION, DNO, INSERT_TIME, UPDATE_TIME) VALUES (7698,'BLAKE', 'MANAGER', 7839, TO_TIMESTAMP('1-5-1981','DD-MM-YYYY'), 2850, NULL, 30, SYSTIMESTAMP, SYSTIMESTAMP);
INSERT INTO TB_EMP(ENO,ENAME, JOB, MANAGER, HIREDATE, SALARY, COMMISSION, DNO, INSERT_TIME, UPDATE_TIME) VALUES (7782,'CLARK', 'MANAGER', 7839, TO_TIMESTAMP('9-6-1981','DD-MM-YYYY'), 2450, NULL, 10, SYSTIMESTAMP, SYSTIMESTAMP);
INSERT INTO TB_EMP(ENO,ENAME, JOB, MANAGER, HIREDATE, SALARY, COMMISSION, DNO, INSERT_TIME, UPDATE_TIME) VALUES (7788,'SCOTT', 'ANALYST', 7566, TO_TIMESTAMP('13-07-1987','DD-MM-YYYY'), 3000, NULL, 20, SYSTIMESTAMP, SYSTIMESTAMP);
INSERT INTO TB_EMP(ENO,ENAME, JOB, MANAGER, HIREDATE, SALARY, COMMISSION, DNO, INSERT_TIME, UPDATE_TIME) VALUES (7839,'KING', 'PRESIDENT', NULL, TO_TIMESTAMP('17-11-1981','DD-MM-YYYY'), 5000, NULL, 10, SYSTIMESTAMP, SYSTIMESTAMP);
INSERT INTO TB_EMP(ENO,ENAME, JOB, MANAGER, HIREDATE, SALARY, COMMISSION, DNO, INSERT_TIME, UPDATE_TIME) VALUES (7844,'TURNER', 'SALESMAN', 7698, TO_TIMESTAMP('8-9-1981','DD-MM-YYYY'), 1500, 0, 30, SYSTIMESTAMP, SYSTIMESTAMP);
INSERT INTO TB_EMP(ENO,ENAME, JOB, MANAGER, HIREDATE, SALARY, COMMISSION, DNO, INSERT_TIME, UPDATE_TIME) VALUES (7876,'ADAMS', 'CLERK', 7788, TO_TIMESTAMP('13-07-1987','DD-MM-YYYY'), 1100, NULL, 20, SYSTIMESTAMP, SYSTIMESTAMP);
INSERT INTO TB_EMP(ENO,ENAME, JOB, MANAGER, HIREDATE, SALARY, COMMISSION, DNO, INSERT_TIME, UPDATE_TIME) VALUES (7900,'JAMES', 'CLERK', 7698, TO_TIMESTAMP('3-12-1981','DD-MM-YYYY'), 950, NULL, 30, SYSTIMESTAMP, SYSTIMESTAMP);
INSERT INTO TB_EMP(ENO,ENAME, JOB, MANAGER, HIREDATE, SALARY, COMMISSION, DNO, INSERT_TIME, UPDATE_TIME) VALUES (7902,'FORD', 'ANALYST', 7566, TO_TIMESTAMP('3-12-1981','DD-MM-YYYY'), 3000, NULL, 20, SYSTIMESTAMP, SYSTIMESTAMP);
INSERT INTO TB_EMP(ENO,ENAME, JOB, MANAGER, HIREDATE, SALARY, COMMISSION, DNO, INSERT_TIME, UPDATE_TIME) VALUES (7934,'MILLER', 'CLERK', 7782, TO_TIMESTAMP('23-1-1982','DD-MM-YYYY'), 1300, NULL, 10, SYSTIMESTAMP, SYSTIMESTAMP);

-- ======================================================
-- TB_FAQ 샘플 데이터
-- ======================================================
INSERT INTO TB_FAQ(TITLE, CONTENT, INSERT_TIME, UPDATE_TIME)  VALUES ('서버 오류 해결 방법', '서버 재시작 후 정상화 됩니다.', SYSTIMESTAMP ,SYSTIMESTAMP);
INSERT INTO TB_FAQ(TITLE, CONTENT, INSERT_TIME, UPDATE_TIME)  VALUES ('DB 접속 문제', 'DB 계정 권한을 확인하세요.', SYSTIMESTAMP ,SYSTIMESTAMP);
INSERT INTO TB_FAQ(TITLE, CONTENT, INSERT_TIME, UPDATE_TIME)  VALUES ('로그인 실패 시', '비밀번호 재설정 후 시도.', SYSTIMESTAMP ,SYSTIMESTAMP);
INSERT INTO TB_FAQ(TITLE, CONTENT, INSERT_TIME, UPDATE_TIME)  VALUES ('페이지 로딩 오류', '캐시를 지우고 새로고침.', SYSTIMESTAMP ,SYSTIMESTAMP);

-- ======================================================
-- TB_QNA 샘플 데이터
-- ======================================================
INSERT INTO TB_QNA(QUESTIONER, QUESTION, ANSWER, ANSWERER, INSERT_TIME, UPDATE_TIME) VALUES ('홍길동', '서비스 신청 방법이 궁금합니다.', '홈페이지에서 신청 가능합니다.','관리자',SYSTIMESTAMP ,SYSTIMESTAMP);
INSERT INTO TB_QNA(QUESTIONER, QUESTION, ANSWER, ANSWERER, INSERT_TIME, UPDATE_TIME) VALUES ('장길산', '비밀번호를 잊어버렸어요.', '비밀번호 재설정 페이지를 이용하세요.','관리자',SYSTIMESTAMP ,SYSTIMESTAMP);
INSERT INTO TB_QNA(QUESTIONER, QUESTION, ANSWER, ANSWERER, INSERT_TIME, UPDATE_TIME) VALUES ('임꺽정', '문의 답변은 얼마나 걸리나요?', NULL,'관리자',SYSTIMESTAMP ,SYSTIMESTAMP);
INSERT INTO TB_QNA(QUESTIONER, QUESTION, ANSWER, ANSWERER, INSERT_TIME, UPDATE_TIME) VALUES ('전우치', '이벤트 참여 조건이 어떻게 되나요?', '회원 가입 후 첫 구매 시 자동 참여됩니다.','관리자',SYSTIMESTAMP ,SYSTIMESTAMP);

-- ======================================================
-- TB_NOTICE 샘플 데이터 4개
-- ======================================================
INSERT INTO TB_NOTICE (TITLE, CONTENT, IS_VISIBLE, START_DATE, END_DATE, INSERT_TIME, UPDATE_TIME)
VALUES ('서버 점검 안내', '서버 점검으로 서비스가 일시 중단됩니다.', 'Y', TO_TIMESTAMP('2025-09-20','YYYY-MM-DD'), TO_TIMESTAMP('2025-09-21','YYYY-MM-DD'), SYSTIMESTAMP, SYSTIMESTAMP);
INSERT INTO TB_NOTICE (TITLE, CONTENT, IS_VISIBLE, START_DATE, END_DATE, INSERT_TIME, UPDATE_TIME)
VALUES ('신규 기능 안내', '새로운 기능이 추가되었습니다.', 'Y', TO_TIMESTAMP('2025-09-16','YYYY-MM-DD'), TO_TIMESTAMP('2025-12-31','YYYY-MM-DD'), SYSTIMESTAMP, SYSTIMESTAMP);
INSERT INTO TB_NOTICE (TITLE, CONTENT, IS_VISIBLE, START_DATE, END_DATE, INSERT_TIME, UPDATE_TIME)
VALUES ('휴일 안내', '추석 연휴로 인한 공휴일 안내입니다.', 'N', TO_TIMESTAMP('2025-09-28','YYYY-MM-DD'), TO_TIMESTAMP('2025-09-30','YYYY-MM-DD'), SYSTIMESTAMP, SYSTIMESTAMP);
INSERT INTO TB_NOTICE (TITLE, CONTENT, IS_VISIBLE, START_DATE, END_DATE, INSERT_TIME, UPDATE_TIME)
VALUES ('보안 점검 안내', '보안 패치 적용으로 서비스 점검이 진행됩니다.', 'Y', TO_TIMESTAMP('2025-10-05','YYYY-MM-DD'), TO_TIMESTAMP('2025-10-05','YYYY-MM-DD'), SYSTIMESTAMP, SYSTIMESTAMP);

-- ======================================================
-- TB_EVENT_NOTICE 샘플 데이터 4개
-- ======================================================
INSERT INTO TB_EVENT_NOTICE (SUBJECT, TEXT, IS_VISIBLE, START_DATE, END_DATE, INSERT_TIME, UPDATE_TIME)
VALUES ('이벤트 1', '가을맞이 할인 이벤트 진행 중', 'Y', TO_TIMESTAMP('2025-09-15','YYYY-MM-DD'), TO_TIMESTAMP('2025-09-25','YYYY-MM-DD'), SYSTIMESTAMP, SYSTIMESTAMP);
INSERT INTO TB_EVENT_NOTICE (SUBJECT, TEXT, IS_VISIBLE, START_DATE, END_DATE, INSERT_TIME, UPDATE_TIME)
VALUES ('이벤트 2', '신규 가입 고객 대상 혜택', 'N', TO_TIMESTAMP('2025-10-01','YYYY-MM-DD'), TO_TIMESTAMP('2025-10-10','YYYY-MM-DD'), SYSTIMESTAMP, SYSTIMESTAMP);
INSERT INTO TB_EVENT_NOTICE (SUBJECT, TEXT, IS_VISIBLE, START_DATE, END_DATE, INSERT_TIME, UPDATE_TIME)
VALUES ('이벤트 3', '추석 맞이 경품 이벤트', 'Y', TO_TIMESTAMP('2025-09-20','YYYY-MM-DD'), TO_TIMESTAMP('2025-09-30','YYYY-MM-DD'), SYSTIMESTAMP, SYSTIMESTAMP);
INSERT INTO TB_EVENT_NOTICE (SUBJECT, TEXT, IS_VISIBLE, START_DATE, END_DATE, INSERT_TIME, UPDATE_TIME)
VALUES ('이벤트 4', '블랙프라이데이 특별 세일', 'Y', TO_TIMESTAMP('2025-11-25','YYYY-MM-DD'), TO_TIMESTAMP('2025-11-29','YYYY-MM-DD'), SYSTIMESTAMP, SYSTIMESTAMP);

-- ======================================================
-- TB_FILE_DB 샘플 데이터 4개
-- ======================================================
INSERT INTO TB_FILE_DB(UUID, FILE_TITLE, FILE_CONTENT, FILE_DATA, FILE_URL, INSERT_TIME)
VALUES ('12345671', 'Spring Boot 가이드', 'Spring Boot 기초 튜토리얼 자료입니다.', NULL, 'https://placehold.co/600x400', SYSTIMESTAMP);
INSERT INTO TB_FILE_DB(UUID, FILE_TITLE, FILE_CONTENT, FILE_DATA, FILE_URL, INSERT_TIME)
VALUES ('12345672', 'React 시작하기', 'React 프로젝트 설정 및 구조 안내.', NULL, 'https://placehold.co/600x400', SYSTIMESTAMP);
INSERT INTO TB_FILE_DB(UUID, FILE_TITLE, FILE_CONTENT, FILE_DATA, FILE_URL, INSERT_TIME)
VALUES ('12345673', 'JPA 활용 예제', '엔티티와 DTO 매핑 실습 자료.', NULL, 'https://placehold.co/600x400', SYSTIMESTAMP);
INSERT INTO TB_FILE_DB(UUID, FILE_TITLE, FILE_CONTENT, FILE_DATA, FILE_URL, INSERT_TIME)
VALUES ('12345674', 'MyBatis 튜토리얼', 'MyBatis 기반 CRUD 실습 예제.', NULL, 'https://placehold.co/600x400', SYSTIMESTAMP);

-- ======================================================
-- TB_GALLERY 샘플 데이터 4개
-- ======================================================
INSERT INTO TB_GALLERY(UUID, GALLERY_TITLE, GALLERY_DATA, GALLERY_FILE_URL, INSERT_TIME)
VALUES ('12345671', '강의 자료 이미지 1', NULL, 'https://placehold.co/600x400', SYSTIMESTAMP);
INSERT INTO TB_GALLERY(UUID, GALLERY_TITLE, GALLERY_DATA, GALLERY_FILE_URL, INSERT_TIME)
VALUES ('12345672', '강의 자료 이미지 2', NULL, 'https://placehold.co/600x400', SYSTIMESTAMP);
INSERT INTO TB_GALLERY(UUID, GALLERY_TITLE, GALLERY_DATA, GALLERY_FILE_URL, INSERT_TIME)
VALUES ('12345673', '강의 자료 이미지 3', NULL, 'https://placehold.co/600x400', SYSTIMESTAMP);
INSERT INTO TB_GALLERY(UUID, GALLERY_TITLE, GALLERY_DATA, GALLERY_FILE_URL, INSERT_TIME)
VALUES ('12345674', '강의 자료 이미지 4', NULL, 'https://placehold.co/600x400', SYSTIMESTAMP);

-- ======================================================
-- TB_MEMBER 샘플 데이터 (ENO 포함)
-- ======================================================
INSERT INTO TB_MEMBER(EMAIL, PASSWORD, NAME, CODE_NAME, ENO, INSERT_TIME, UPDATE_TIME)
VALUES('forbob@naver.com',
       '$2a$10$TG1a5ywSrGNgf7/fFH.m0.EdTzHax8AGYNeAr8aIseF3DKyO0lDti',
       'SCOTT',
       'ROLE_ADMIN',
       7788,
       SYSTIMESTAMP,
       SYSTIMESTAMP);

INSERT INTO TB_MEMBER(EMAIL, PASSWORD, NAME, CODE_NAME, ENO, INSERT_TIME, UPDATE_TIME)
VALUES('forbob2@naver.com',
       '$2a$10$TG1a5ywSrGNgf7/fFH.m0.EdTzHax8AGYNeAr8aIseF3DKyO0lDti',
       'JONES',
       'ROLE_USER',
       7566,
       SYSTIMESTAMP,
       SYSTIMESTAMP);
-- ======================================================
-- TB_FREE_BOARD 샘플 데이터
-- ======================================================
INSERT INTO TB_FREE_BOARD(TITLE, CONTENT, EMAIL, VIEW_COUNT, INSERT_TIME, UPDATE_TIME) VALUES ('자유게시글 1', '내용 예시 1', 'forbob@naver.com', 10, SYSTIMESTAMP, SYSTIMESTAMP);
INSERT INTO TB_FREE_BOARD(TITLE, CONTENT, EMAIL, VIEW_COUNT, INSERT_TIME, UPDATE_TIME) VALUES ('자유게시글 2', '내용 예시 2', 'forbob2@naver.com', 5, SYSTIMESTAMP, SYSTIMESTAMP);
INSERT INTO TB_FREE_BOARD(TITLE, CONTENT, EMAIL, VIEW_COUNT, INSERT_TIME, UPDATE_TIME) VALUES ('자유게시글 3', '내용 예시 3', 'forbob@naver.com', 7, SYSTIMESTAMP, SYSTIMESTAMP);
INSERT INTO TB_FREE_BOARD(TITLE, CONTENT, EMAIL, VIEW_COUNT, INSERT_TIME, UPDATE_TIME) VALUES ('자유게시글 4', '내용 예시 4', 'forbob2@naver.com', 2, SYSTIMESTAMP, SYSTIMESTAMP);

-- ======================================================
-- TB_NEWS_BOARD 샘플 데이터
-- ======================================================
INSERT INTO TB_NEWS_BOARD(SUBJECT, TEXT, EMAIL, VIEW_COUNT, INSERT_TIME, UPDATE_TIME) VALUES ('뉴스 1', '뉴스 내용 1', 'forbob@naver.com', 15, SYSTIMESTAMP, SYSTIMESTAMP);
INSERT INTO TB_NEWS_BOARD(SUBJECT, TEXT, EMAIL, VIEW_COUNT, INSERT_TIME, UPDATE_TIME) VALUES ('뉴스 2', '뉴스 내용 2', 'forbob2@naver.com', 8, SYSTIMESTAMP, SYSTIMESTAMP);
INSERT INTO TB_NEWS_BOARD(SUBJECT, TEXT, EMAIL, VIEW_COUNT, INSERT_TIME, UPDATE_TIME) VALUES ('뉴스 3', '뉴스 내용 3', 'forbob@naver.com', 20, SYSTIMESTAMP, SYSTIMESTAMP);
INSERT INTO TB_NEWS_BOARD(SUBJECT, TEXT, EMAIL, VIEW_COUNT, INSERT_TIME, UPDATE_TIME) VALUES ('뉴스 4', '뉴스 내용 4', 'forbob2@naver.com', 12, SYSTIMESTAMP, SYSTIMESTAMP);

-- ======================================================
-- TB_FILE_DB_LIKES 샘플 데이터
-- ======================================================
INSERT INTO TB_FILE_DB_LIKES(EMAIL, UUID, LIKE_COUNT, INSERT_TIME, UPDATE_TIME) VALUES('forbob@naver.com', '12345671',1,SYSTIMESTAMP, SYSTIMESTAMP);
INSERT INTO TB_FILE_DB_LIKES(EMAIL, UUID, LIKE_COUNT, INSERT_TIME, UPDATE_TIME) VALUES('forbob2@naver.com', '12345671',1,SYSTIMESTAMP, SYSTIMESTAMP);
INSERT INTO TB_FILE_DB_LIKES(EMAIL, UUID, LIKE_COUNT, INSERT_TIME, UPDATE_TIME) VALUES('forbob2@naver.com', '12345672',1,SYSTIMESTAMP, SYSTIMESTAMP);

-- ======================================================
-- TB_GALLERY_LIKES
INSERT INTO TB_GALLERY_LIKES(EMAIL, UUID, LIKE_COUNT, INSERT_TIME, UPDATE_TIME) VALUES( 'forbob@naver.com', '12345671',1,SYSTIMESTAMP, SYSTIMESTAMP);
INSERT INTO TB_GALLERY_LIKES(EMAIL, UUID, LIKE_COUNT, INSERT_TIME, UPDATE_TIME) VALUES( 'forbob2@naver.com', '12345671',1,SYSTIMESTAMP, SYSTIMESTAMP);
INSERT INTO TB_GALLERY_LIKES(EMAIL, UUID, LIKE_COUNT, INSERT_TIME, UPDATE_TIME) VALUES( 'forbob2@naver.com', '12345673',1,SYSTIMESTAMP, SYSTIMESTAMP);

-- 회의실 (TB_MEETING_ROOM)
INSERT INTO TB_MEETING_ROOM (ROOM_NAME, LOC, CAPACITY, INSERT_TIME, UPDATE_TIME)
VALUES ( '회의실 A', '1층', 10, SYSTIMESTAMP, SYSTIMESTAMP);

INSERT INTO TB_MEETING_ROOM (ROOM_NAME, LOC, CAPACITY, INSERT_TIME, UPDATE_TIME)
VALUES ( '회의실 B', '2층', 20, SYSTIMESTAMP, SYSTIMESTAMP);

INSERT INTO TB_MEETING_ROOM (ROOM_NAME, LOC, CAPACITY, INSERT_TIME, UPDATE_TIME)
VALUES ( '회의실 C', '3층', 15, SYSTIMESTAMP, SYSTIMESTAMP);

-- 공용차 (TB_PUBLIC_CAR)
INSERT INTO TB_PUBLIC_CAR (CAR_NAME, FLOOR, CAPACITY, INSERT_TIME, UPDATE_TIME)
VALUES ( '카니발', 'B1', 7, SYSTIMESTAMP, SYSTIMESTAMP);

INSERT INTO TB_PUBLIC_CAR (CAR_NAME, FLOOR, CAPACITY, INSERT_TIME, UPDATE_TIME)
VALUES ( '스타렉스', 'B1', 9, SYSTIMESTAMP, SYSTIMESTAMP);

INSERT INTO TB_PUBLIC_CAR (CAR_NAME, FLOOR, CAPACITY, INSERT_TIME, UPDATE_TIME)
VALUES ( '쏘렌토', 'B2', 5, SYSTIMESTAMP, SYSTIMESTAMP);

-- 회의실 예약 (RESERVATION)
INSERT INTO TB_RESERVATION (EMAIL, MID, START_TIME, END_TIME, STATUS, INSERT_TIME, UPDATE_TIME)
VALUES ( 'forbob@naver.com', 1, TO_TIMESTAMP('2025-09-23 09:00','YYYY-MM-DD HH24:MI'), TO_TIMESTAMP('2025-09-23 10:00','YYYY-MM-DD HH24:MI'), 'R', SYSTIMESTAMP, SYSTIMESTAMP);

INSERT INTO TB_RESERVATION (EMAIL, MID, START_TIME, END_TIME, STATUS, INSERT_TIME, UPDATE_TIME)
VALUES ( 'forbob2@naver.com', 3, TO_TIMESTAMP('2025-09-23 11:00','YYYY-MM-DD HH24:MI'), TO_TIMESTAMP('2025-09-23 12:00','YYYY-MM-DD HH24:MI'), 'C', SYSTIMESTAMP, SYSTIMESTAMP);

-- 공용차 예약 (BOOKING)
INSERT INTO TB_BOOKING (EMAIL, PID, START_TIME, END_TIME, STATUS, INSERT_TIME, UPDATE_TIME)
VALUES ( 'forbob@naver.com', 1, TO_TIMESTAMP('2025-09-23 08:00','YYYY-MM-DD HH24:MI'), TO_TIMESTAMP('2025-09-23 09:00','YYYY-MM-DD HH24:MI'), 'R', SYSTIMESTAMP, SYSTIMESTAMP);

INSERT INTO TB_BOOKING (EMAIL, PID, START_TIME, END_TIME, STATUS, INSERT_TIME, UPDATE_TIME)
VALUES ( 'forbob2@naver.com', 2, TO_TIMESTAMP('2025-09-23 10:00','YYYY-MM-DD HH24:MI'), TO_TIMESTAMP('2025-09-23 11:30','YYYY-MM-DD HH24:MI'), 'C', SYSTIMESTAMP, SYSTIMESTAMP);


-- 전자결재
-- 전자 결재 문서(TB_DOCUMENT)
-- 전자결재: TB_DOCUMENT INSERT (첨부파일 포함)
INSERT INTO TB_DOCUMENT (UUID,TITLE, CONTENT, DRAFTER, FILE_NAME, FILE_PATH, FILE_DATA)
VALUES ('1234567890','출장 보고서', '서울 출장 결과 보고서입니다.', 7788, '출장보고.pdf', '/files/report1.pdf', NULL);

INSERT INTO TB_DOCUMENT (UUID,TITLE, CONTENT, DRAFTER, FILE_NAME, FILE_PATH, FILE_DATA)
VALUES ('1234567891','구매 요청서', '노트북 구매 요청', 7566, '노트북견적.xlsx', '/files/estimate.xlsx', NULL);

-- 결재 라인(TB_APPROVAL_LINE) INSERT
-- 문서 1번 결재라인
INSERT INTO TB_APPROVAL_LINE (UUID, APPROVER, SEQ, STATUS)
VALUES ('1234567890', 7839, 1, 'P'); -- 팀장

-- 문서 2번 결재라인
INSERT INTO TB_APPROVAL_LINE (UUID, APPROVER, SEQ, STATUS)
VALUES ('1234567891', 7566, 1, 'P'); -- 팀장

COMMIT;